id;libelle;description;prixt_unitaire;path_logo;resume
1;Unbranded Rubber Salad multi-byte;Shirt;16383;transmitter hierarchy application;e-enable 1080p
2;system Avon back-end;connect;3953;Garden Robust;Gorgeous Wooden Bacon Chips
3;Springs;Fantastic Steel Salad;66377;Kids input monitoring;transmit Coordinator
4;generate Track port;wireless monitoring SCSI;61327;Engineer bus;mission-critical Human
5;Fresh;Assurance;76836;South Dakota Money Market Account;Manors embrace
6;5th generation Baby empower;Gloves;41142;Soft;Metal
7;multi-byte synthesize installation;models invoice;1193;Streets;Palau Administrator Nevada
8;Cloned;Refined Granite Shirt Vision-oriented Lodge;85067;Tennessee RSS deposit;Chair Team-oriented
9;Salad Avon;Rand Namibia Dollar;25870;Gateway hacking Developer;Forks bluetooth
10;Awesome Soft Ball;Money Market Account Savings Account primary;40525;Identity alarm transitional;International
